Unnamed: 0,Наименование (литера) (альтернативное название),Земельный участок,Адрес,Назначение,Характеристики
1.0,Автоматический шлагбаум,16:50:010216:3,"Республика Татарстан, г. Казань, Вахитовский р-н, ул. Пушкина, дом 1/55",прочего назначения,
2.0,Административное здание (А) (Административное здание (А)),16:50:070403:82,"Республика Татарстан, г. Казань, Приволжский р-н, ул. Оренбургский Тракт, дом 10",административное,"общая площадь: 2142,80 "
,,,,,"закрепленная площадь: 2532,60 кв.м"
,,,,,год постройки: 1979
,,,,,количество этажей: 4
3.0,Асфальтовое покрытие,16:50:070403:72,"Республика Татарстан, г. Казань, Приволжский р-н, ул. Оренбургский Тракт, дом 4а",прочего назначения,
4.0,Баня (У),16:50:170117:1,"Республика Татарстан, г. Казань, Приволжский р-н, п. Старое Победилово, Агробиостанция",бытового обслуживания,"общая площадь: 19,60 "
,,,,,"закрепленная площадь: 19,60 кв.м"
,,,,,год постройки: 1986
,,,,,количество этажей: 1
5.0,Баня (Щ),16:50:170117:1,"Республика Татарстан, г. Казань, Приволжский р-н, п. Старое Победилово, Агробиостанция",бытового обслуживания,"общая площадь: 12,40 "
,,,,,"закрепленная площадь: 12,40 кв.м"
,,,,,год постройки: 2007
,,,,,количество этажей: 1
6.0,Водонапорная башня (2),16:50:170117:1,"Республика Татарстан, г. Казань, Приволжский р-н, п. Старое Победилово, Агробиостанция",инфраструктурное,"общая площадь: 32,40 "
,,,,,"закрепленная площадь: 32,40 кв.м"
,,,,,год постройки: 1991
,,,,,количество этажей: 1
7.0,Водоснабжение акушерского отделения,16:50:010602:4,"Республика Татарстан, г. Казань, Вахитовский р-н, ул. Большая Красная, дом 51",прочего назначения,
8.0,Водоснабжение гинекологического отделения,16:50:010602:50,"Республика Татарстан, г. Казань, Вахитовский р-н, ул. Большая Красная, дом 51",прочего назначения,
9.0,Водоснабжение детского отделения,16:50:011121:1,"Республика Татарстан, г. Казань, Вахитовский р-н, ул. Волкова, дом 18",прочего назначения,
10.0,Воздушно-кабельная сеть уличного освещения ( I),16:50:170117:1,"Республика Татарстан, г. Казань, Приволжский р-н, п. Старое Победилово, Агробиостанция",инфраструктурное,год постройки: 1992
11.0,Воссоздание пристроя к зданию Казанской духовной семинарии (А),16:50:010303:54,"Республика Татарстан, г. Казань, Вахитовский р-н, ул. Чернышевского, дом 5",учебно-лабораторное,"общая площадь: 890,60 "
,,,,,"закрепленная площадь: 1553,40 кв.м"
,,,,,год постройки: 2016
,,,,,количество этажей: 3
12.0,Встроенное помещение (лит. А) в пятиэтажном кирпичном жилом доме,16:50:060604:1,"Республика Татарстан, г. Казань, Советский р-н, ул. Гвардейская, дом 9-9А",административное,"общая площадь: 1023,60 "
,,,,,"закрепленная площадь: 2051,10 кв.м"
13.0,Гараж (А1),16:50:011121:1,"Республика Татарстан, г. Казань, Вахитовский р-н, ул. Волкова, дом 18",гаражи,"общая площадь: 59,90 "
,,,,,"закрепленная площадь: 59,90 кв.м"
,,,,,год постройки: 1984
14.0,Гараж (Б),16:50:010401:4,"Республика Татарстан, г. Казань, Вахитовский р-н, ул. Профсоюзная/Астрономическая, дом 19/15",хозяйственное,"общая площадь: 28,50 кв.м"
,,,,,год постройки: 1988
,,,,,количество этажей: 1
15.0,''Геолог'',-,"Республика Татарстан, г. Казань, Вахитовский р-н, ул. Кремлевская, дом 18",судно,"общая площадь: 0,00 "
,,,,,год постройки: 1958
16.0,"Геологический корпус, блок Б (Б) (Учебное здание №13Б)",16:50:010303:54,"Республика Татарстан, г. Казань, Вахитовский р-н, ул. Кремлевская, дом 4/5",учебно-лабораторное,"общая площадь: 353,40 кв.м"
,,,,,"закрепленная площадь: 591,30 кв.м"
,,,,,год постройки: 1917
,,,,,количество этажей: 2
,,,,,памятник истории и культуры
17.0,Дворовая канализация общежития №1 (II),16:50:010616:30,"Республика Татарстан, г. Казань, Вахитовский р-н, ул. Пушкина, дом 32А",инфраструктурное,год постройки: 1983
18.0,Дворовая канализация общежития №1 (VI),16:50:010616:30,"Республика Татарстан, г. Казань, Вахитовский р-н, ул. Пушкина, дом 32А",инфраструктурное,год постройки: 1983
19.0,Дворовая канализация учебного здания №2 (II),16:50:010902:12,"Республика Татарстан, г. Казань, Вахитовский р-н, ул. Карла Маркса, дом 74",инфраструктурное,год постройки: 1951
20.0,Дворовая канализация учебного здания №2 (VII),16:50:010902:12,"Республика Татарстан, г. Казань, Вахитовский р-н, ул. Карла Маркса, дом 74",прочего назначения,год постройки: 1951
21.0,Дворовая канализация учебного здания №2 (VIII),16:50:010902:12,"Республика Татарстан, г. Казань, Вахитовский р-н, ул. Карла Маркса, дом 74",инфраструктурное,год постройки: 1951
22.0,Дворовая канализация учебного здания №5 (II),16:50:011807:6,"Республика Татарстан, г. Казань, Вахитовский р-н, ул. Лево-Булачная, дом 34",прочего назначения,год постройки: 1939
23.0,Дворовая канализация учебного здания №5 (III),16:50:011807:6,"Республика Татарстан, г. Казань, Вахитовский р-н, ул. Лево-Булачная, дом 34",прочего назначения,год постройки: 1939
24.0,Дворовая канализация учебного здания №5 (VI),16:50:011807:6,"Республика Татарстан, г. Казань, Вахитовский р-н, ул. Лево-Булачная, дом 34",прочего назначения,год постройки: 1939
25.0,Дворовая сеть канализации,16:50:010904:9,"Республика Татарстан, г. Казань, Вахитовский р-н, ул. Чехова, дом 1а",прочего назначения,
26.0,Дворовое покрытие (I),16:50:010902:12,"Республика Татарстан, г. Казань, Вахитовский р-н, ул. Карла Маркса, дом 74",инфраструктурное,"общая площадь: 840,00 "
,,,,,"закрепленная площадь: 840,00 кв.м"
,,,,,год постройки: 1972
27.0,Дворовое покрытие учебного здания №5 ( I),16:50:011807:6,"Республика Татарстан, г. Казань, Вахитовский р-н, ул. Лево-Булачная, дом 34",инфраструктурное,"общая площадь: 850,00 "
,,,,,"закрепленная площадь: 850,00 кв.м"
,,,,,год постройки: 1969
28.0,Дворовое покрытие учебного здания №8 (I),16:50:011006:4,"Республика Татарстан, г. Казань, Вахитовский р-н, ул. Товарищеская, дом 5",объекты парковочной инфраструктуры,"общая площадь: 1188,00 "
,,,,,"закрепленная площадь: 1188,00 кв.м"
,,,,,год постройки: 1949
29.0,"Деревня Универсиады по ул. Проспект Победы, 9-й пусковой комплекс. Центр обслуживания Универсиады/ Спортивная школа - интернат. (1Е) (IT-лицей)",16:50:171128:152,"Республика Татарстан, г. Казань, Приволжский р-н, ул. Проспект Победы, дом 32",учебно-лабораторное,"общая площадь: 10729,60 "
,,,,,"закрепленная площадь: 11813,90 кв.м"
,,,,,год постройки: 2012
,,,,,количество этажей: 3
30.0,Дом № 1 (Е),16:50:170117:1,"Республика Татарстан, г. Казань, Приволжский р-н, п. Старое Победилово, Агробиостанция",спортивно-оздоровительное,"общая площадь: 67,20 "
,,,,,"закрепленная площадь: 67,20 кв.м"
,,,,,год постройки: 1978
,,,,,количество этажей: 1
31.0,Дом № 4 (И),16:50:170117:1,"Республика Татарстан, г. Казань, Приволжский р-н, п. Старое Победилово, Агробиостанция",спортивно-оздоровительное,"общая площадь: 137,90 "
,,,,,"закрепленная площадь: 137,90 кв.м"
,,,,,год постройки: 1978
,,,,,количество этажей: 1
32.0,Дом № 5 (К),16:50:170117:1,"Республика Татарстан, г. Казань, Приволжский р-н, п. Старое Победилово, Агробиостанция",спортивно-оздоровительное,"общая площадь: 140,60 "
,,,,,"закрепленная площадь: 140,60 кв.м"
,,,,,год постройки: 1978
,,,,,количество этажей: 1
33.0,Дом № 6 (Л),16:50:170117:1,"Республика Татарстан, г. Казань, Приволжский р-н, п. Старое Победилово, Агробиостанция",спортивно-оздоровительное,"общая площадь: 204,40 "
,,,,,"закрепленная площадь: 204,40 кв.м"
,,,,,год постройки: 1983
,,,,,количество этажей: 2
34.0,Дом № 9 (Б),16:50:170117:1,"Республика Татарстан, г. Казань, Приволжский р-н, п. Старое Победилово, Агробиостанция",спортивно-оздоровительное,"общая площадь: 87,90 "
,,,,,"закрепленная площадь: 87,90 кв.м"
,,,,,год постройки: 1986
,,,,,количество этажей: 1
35.0,Дымовая труба с фундаментом (1),16:50:010902:12,"Республика Татарстан, г. Казань, Вахитовский р-н, ул. Карла Маркса, дом 74",инфраструктурное,"общая площадь: 2,00 "
,,,,,"закрепленная площадь: 2,00 кв.м"
,,,,,год постройки: 1968
36.0,Жилой дом (А),16:50:170117:1,"Республика Татарстан, г. Казань, Приволжский р-н, п. Старое Победилово, Агробиостанция",жилое,"общая площадь: 90,00 "
,,,,,"закрепленная площадь: 90,00 кв.м"
,,,,,год постройки: 1986
,,,,,количество этажей: 1
37.0,Жилой дом (В),16:50:010402:6,"Республика Татарстан, г. Казань, Вахитовский р-н, ул. Лобачевского, дом 1/29",жилое,"общая площадь: 128,30 кв.м"
,,,,,год постройки: 1957
,,,,,количество этажей: 1
38.0,Жилой корпус общежитий 5А-1 (А),16:50:171128:152,"Республика Татарстан, г. Казань, Приволжский р-н, ул. Деревня Универсиады, дом 2",общежитие,"общая площадь: 13640,60 "
,,,,,"закрепленная площадь: 13640,60 кв.м"
,,,,,год постройки: 2010
,,,,,количество этажей: 9
39.0,Жилой корпус общежитий 5А-4 (А),16:50:171128:152,"Республика Татарстан, г. Казань, Приволжский р-н, ул. Деревня Универсиады, дом 5",общежитие,"общая площадь: 26987,50 "
,,,,,"закрепленная площадь: 27098,00 кв.м"
,,,,,год постройки: 2010
,,,,,количество этажей: 14
40.0,Жилой корпус общежития 2К-10 (С),16:50:171128:152,"Республика Татарстан, г. Казань, Приволжский р-н, ул. Деревня Универсиады, дом 15",общежитие,"общая площадь: 7125,30 "
,,,,,"закрепленная площадь: 7125,30 кв.м"
,,,,,год постройки: 2010
,,,,,количество этажей: 5
41.0,"Жилой корпус общежития 2К-4 (Л) (Деревня Универсиады, дом 09)",16:50:171128:152,"Республика Татарстан, г. Казань, Приволжский р-н, ул. Деревня Универсиады, дом 9",общежитие,"общая площадь: 7113,80 "
,,,,,"закрепленная площадь: 7164,00 кв.м"
,,,,,год постройки: 2010
,,,,,количество этажей: 5
42.0,"Жилой корпус общежития 5А-2 (А) (Деревня Универсиады, дом 01)",16:50:171128:152,"Республика Татарстан, г. Казань, Приволжский р-н, ул. Деревня Универсиады, дом 1",общежитие,"общая площадь: 26880,00 "
,,,,,"закрепленная площадь: 27003,60 кв.м"
,,,,,год постройки: 2010
,,,,,количество этажей: 14
43.0,Жилой корпус общежития 5А-3 (В),16:50:171128:152,"Республика Татарстан, г. Казань, Приволжский р-н, ул. Деревня Универсиады, дом 4",общежитие,"общая площадь: 13792,50 "
,,,,,"закрепленная площадь: 13809,40 кв.м"
,,,,,год постройки: 2010
,,,,,количество этажей: 9
44.0,"Забор Ж/Б, ворота метал, 3 шт (1,-2,-3)",16:50:070403:82,"Республика Татарстан, г. Казань, Приволжский р-н, ул. Оренбургский Тракт, дом 10",прочего назначения,
45.0,Забор кирпичный,16:50:010904:95,"Республика Татарстан, г. Казань, Советский р-н, ул. Николая Ершова, дом 2",прочего назначения,
46.0,Забор кирпичный,-,"Республика Татарстан, г. Казань, Советский р-н, ул. Николая Ершова, дом 2",лечебно-санитарное,"общая площадь: 0,00 "
47.0,Забор металлический в кирпичной стене,-,"Республика Татарстан, г. Казань, Советский р-н, ул. Николая Ершова, дом 2",лечебно-санитарное,"общая площадь: 0,00 "
48.0,Забор металлический в кирпичной стене,16:50:010904:95,"Республика Татарстан, г. Казань, Советский р-н, ул. Николая Ершова, дом 2",прочего назначения,
49.0,"Здание (А,А1,А2,А3)",16:50:010301:2,"Республика Татарстан, г. Казань, Вахитовский р-н, ул. Рахматуллина, дом 2/18",учебно-лабораторное,"общая площадь: 4138,70 "
,,,,,"закрепленная площадь: 4151,80 кв.м"
,,,,,памятник истории и культуры
50.0,Здание (А) (Учебное здание №13В),16:50:010303:53,"Республика Татарстан, г. Казань, Вахитовский р-н, ул. Чернышевского, дом 5",учебное,"общая площадь: 1687,80 кв.м"
,,,,,"закрепленная площадь: 2306,60 кв.м"
,,,,,год постройки: 1860
,,,,,количество этажей: 2
,,,,,памятник истории и культуры
51.0,Здание акушерской клиники (А),16:50:010602:4,"Республика Татарстан, г. Казань, Вахитовский р-н, ул. Большая Красная, дом 51",медицинское,"общая площадь: 1853,80 "
,,,,,"закрепленная площадь: 1853,80 кв.м"
,,,,,год постройки: 1917
,,,,,памятник истории и культуры
52.0,Здание (Гараж),-,"Республика Татарстан, г. Казань, Вахитовский р-н, ул. Вишневского, дом 2а",лечебно-санитарное,"общая площадь: 19,00 "
53.0,Здание главного корпуса больницы,-,"Республика Татарстан, г. Казань, Советский р-н, ул. Николая Ершова, дом 2",лечебно-санитарное,"общая площадь: 8701,80 "
54.0,Здание главного корпуса больницы,16:50:010904:95,"Республика Татарстан, г. Казань, Советский р-н, ул. Николая Ершова, дом 2",лечебно-санитарное,"общая площадь: 8701,80 "
,,,,,"закрепленная площадь: 8723,90 кв.м"
,,,,,памятник истории и культуры
55.0,Здание жилого корпуса общежития 5А-6 (А),16:50:171128:152,"Республика Татарстан, г. Казань, Приволжский р-н, ул. Деревня Универсиады, дом 3",общежитие,"общая площадь: 24611,70 "
,,,,,"закрепленная площадь: 24689,60 кв.м"
,,,,,год постройки: 2010
,,,,,количество этажей: 15
56.0,"Здание (здание бывшего экологического факультета) (А,а,а1)",-,"Республика Татарстан, г. Казань, Вахитовский р-н, ул. Островского, дом 34/4",учебное,"общая площадь: 1167,50 кв.м"
,,,,,"закрепленная площадь: 1112,90 кв.м"
,,,,,год постройки: 1916
,,,,,количество этажей: 3
57.0,Здание контрольно-пропускного пункта,16:50:010904:95,"Республика Татарстан, г. Казань, Советский р-н, ул. Николая Ершова, дом 2/1",прочего назначения,"общая площадь: 9,40 "
,,,,,"закрепленная площадь: 9,40 кв.м"
58.0,Здание контрольно-пропускного пункта,-,"Республика Татарстан, г. Казань, Советский р-н, ул. Николая Ершова, дом 2/1",лечебно-санитарное,"общая площадь: 9,40 "
59.0,Здание контрольно-пропускного пункта,16:50:171128:152,"Республика Татарстан, г. Казань, Приволжский р-н, ул. Хусаина Мавлютова",прочего назначения,"общая площадь: 36,70 "
,,,,,"закрепленная площадь: 36,70 кв.м"
60.0,Здание музыкального факультета государственного гуманитарно-педагогического университета (А1),16:50:011809:17,"Республика Татарстан, г. Казань, Вахитовский р-н, ул. Московская, дом 45/3",учебно-лабораторное,"общая площадь: 2487,90 "
,,,,,"закрепленная площадь: 3235,70 кв.м"
,,,,,год постройки: 2011
,,,,,количество этажей: 4
61.0,Здание научно-клинического центра,16:50:011121:1,"Республика Татарстан, г. Казань, Вахитовский р-н, ул. Волкова, дом 18",учебно-лабораторное,"общая площадь: 4296,30 "
,,,,,"закрепленная площадь: 8184,60 кв.м"
,,,,,год постройки: 1984
62.0,Здание (овощехранилище),-,"Республика Татарстан, г. Казань, Советский р-н, ул. Николая Ершова, дом 2",лечебно-санитарное,"общая площадь: 158,30 "
63.0,Здание (овощехранилище),16:50:010904:95,"Республика Татарстан, г. Казань, Советский р-н, ул. Николая Ершова, дом 2",складское,"общая площадь: 158,30 "
,,,,,"закрепленная площадь: 158,30 кв.м"
64.0,Здание (склад) (Г),16:50:070403:82,"Республика Татарстан, г. Казань, Приволжский р-н, ул. Оренбургский Тракт, дом 10",складское,"общая площадь: 353,40 "
,,,,,"закрепленная площадь: 353,40 кв.м"
,,,,,год постройки: 2000
,,,,,количество этажей: 1
65.0,Здание спортивного комплекса (Б) (Спортивный комплекс (Б)),16:50:070403:82,"Республика Татарстан, г. Казань, Приволжский р-н, ул. Оренбургский Тракт, дом 10",спортивно-оздоровительное,"общая площадь: 1887,30 "
,,,,,"закрепленная площадь: 2138,60 кв.м"
,,,,,год постройки: 2000
,,,,,количество этажей: 2
66.0,Здание студенческого общежития. Блок 3К-1 (третий пусковой комплекс) '''Деревня Универсиады по пр. Победы'',16:50:171128:166,"Республика Татарстан, г. Казань, Приволжский р-н, ул. Деревня Универсиады, дом 21",общежитие,"общая площадь: 12827,90 "
,,,,,"закрепленная площадь: 16379,40 кв.м"
,,,,,год постройки: 2011
,,,,,количество этажей: 7
67.0,Здание студенческого общежития жилой блок 2К-1 (Ж),16:50:171128:152,"Республика Татарстан, г. Казань, Приволжский р-н, ул. Деревня Универсиады, дом 6",общежитие,"общая площадь: 7146,00 "
,,,,,"закрепленная площадь: 7146,00 кв.м"
,,,,,год постройки: 2010
,,,,,количество этажей: 5
68.0,Здание студенческого общежития жилой блок 2К-11 (Т),16:50:171128:152,"Республика Татарстан, г. Казань, Приволжский р-н, ул. Деревня Универсиады, дом 16",общежитие,"общая площадь: 7098,50 "
,,,,,"закрепленная площадь: 7098,50 кв.м"
,,,,,год постройки: 2010
,,,,,количество этажей: 5
69.0,Здание студенческого общежития жилой блок 2К-12 (У),16:50:171128:152,"Республика Татарстан, г. Казань, Приволжский р-н, ул. Деревня Универсиады, дом 17",общежитие,"общая площадь: 7020,00 "
,,,,,"закрепленная площадь: 7020,00 кв.м"
,,,,,год постройки: 2010
,,,,,количество этажей: 5
70.0,Здание студенческого общежития жилой блок 2К-13 (Ф),16:50:171128:152,"Республика Татарстан, г. Казань, Приволжский р-н, ул. Деревня Универсиады, дом 18",общежитие,"общая площадь: 7092,20 "
,,,,,"закрепленная площадь: 7092,20 кв.м"
,,,,,год постройки: 2010
,,,,,количество этажей: 5
71.0,Здание студенческого общежития жилой блок 2К-14 (X),16:50:171128:152,"Республика Татарстан, г. Казань, Приволжский р-н, ул. Деревня Универсиады, дом 19",общежитие,"общая площадь: 7012,00 "
,,,,,"закрепленная площадь: 7012,00 кв.м"
,,,,,год постройки: 2010
,,,,,количество этажей: 5
72.0,Здание студенческого общежития жилой блок 2К-15 (Ц),16:50:171128:152,"Республика Татарстан, г. Казань, Приволжский р-н, ул. Деревня Универсиады, дом 20",общежитие,"общая площадь: 7108,80 "
,,,,,"закрепленная площадь: 7108,80 кв.м"
,,,,,год постройки: 2010
,,,,,количество этажей: 5
73.0,"Здание студенческого общежития жилой блок 2К-2 (И) (Деревня Универсиады, дом 07)",16:50:171128:152,"Республика Татарстан, г. Казань, Приволжский р-н, ул. Деревня Универсиады, дом 7",общежитие,"общая площадь: 7127,90 "
,,,,,"закрепленная площадь: 7199,70 кв.м"
,,,,,год постройки: 2010
,,,,,количество этажей: 5
74.0,Здание студенческого общежития жилой блок 2К-3 (К),16:50:171128:152,"Республика Татарстан, г. Казань, Приволжский р-н, ул. Деревня Универсиады, дом 8",общежитие,"общая площадь: 7134,30 "
,,,,,"закрепленная площадь: 7134,30 кв.м"
,,,,,год постройки: 2010
,,,,,количество этажей: 5
75.0,Здание студенческого общежития жилой блок 2К-5 (М),16:50:171128:152,"Республика Татарстан, г. Казань, Приволжский р-н, ул. Деревня Универсиады, дом 10",общежитие,"общая площадь: 7053,70 "
,,,,,"закрепленная площадь: 7063,90 кв.м"
,,,,,год постройки: 2010
,,,,,количество этажей: 5
76.0,"Здание студенческого общежития жилой блок 2К-6 (Н) (Деревня Универсиады, дом 11)",16:50:171128:152,"Республика Татарстан, г. Казань, Приволжский р-н, ул. Деревня Универсиады, дом 11",общежитие,"общая площадь: 7058,80 "
,,,,,"закрепленная площадь: 7130,10 кв.м"
,,,,,год постройки: 2010
,,,,,количество этажей: 5
77.0,Здание студенческого общежития жилой блок 2К-7,16:50:171128:152,"Республика Татарстан, г. Казань, Приволжский р-н, ул. Деревня Универсиады, дом 12",общежитие,"общая площадь: 7129,50 "
,,,,,"закрепленная площадь: 7169,80 кв.м"
,,,,,год постройки: 2010
,,,,,количество этажей: 5
78.0,"Здание студенческого общежития жилой блок 2К-8 (Деревня Универсиады, дом 13)",16:50:171128:152,"Республика Татарстан, г. Казань, Приволжский р-н, ул. Деревня Универсиады, дом 13",общежитие,"общая площадь: 7036,20 "
,,,,,"закрепленная площадь: 7091,10 кв.м"
,,,,,год постройки: 2010
,,,,,количество этажей: 5
79.0,Здание студенческого общежития жилой блок 2К-9 (Р),16:50:171128:152,"Республика Татарстан, г. Казань, Приволжский р-н, ул. Деревня Универсиады, дом 14",общежитие,"общая площадь: 7102,80 "
,,,,,"закрепленная площадь: 7102,80 кв.м"
,,,,,год постройки: 2010
,,,,,количество этажей: 5
80.0,"Здание учебного корпуса (А, Г) (Учебное здание №24)",16:50:000000:34398,"Республика Татарстан, г. Казань, Вахитовский р-н, ул. Подлужная, дом 5",учебно-лабораторное,"общая площадь: 579,80 "
,,,,,"закрепленная площадь: 1225,90 кв.м"
,,,,,год постройки: 1994
,,,,,количество этажей: 3
81.0,Кабельная трасса общежития №1 ( III),16:50:010616:30,"Республика Татарстан, г. Казань, Вахитовский р-н, ул. Пушкина, дом 32а",инфраструктурное,год постройки: 1983
82.0,Кабельная трасса общежития №3 (II),16:50:050146:5,"Республика Татарстан, г. Казань, Советский р-н, ул. Губкина, дом 11",инфраструктурное,год постройки: 1962
83.0,Кабельная трасса учебного здания №2 (III),16:50:010902:12,"Республика Татарстан, г. Казань, Вахитовский р-н, ул. Карла Маркса, дом 74",инфраструктурное,год постройки: 1969
84.0,Кабельная трасса учебного здания №5 (IV),16:50:011807:6,"Республика Татарстан, г. Казань, Вахитовский р-н, ул. Лево-Булачная, дом 34",прочего назначения,год постройки: 1968
85.0,"Калитка с домофоном и светильником, приводом л.т",16:50:070403:82,"Республика Татарстан, г. Казань, Приволжский р-н, ул. Оренбургский Тракт, дом 10",прочего назначения,
86.0,Канализация гинекологического отделения,16:50:010602:4,"Республика Татарстан, г. Казань, Вахитовский р-н, ул. Большая Красная, дом 51",прочего назначения,
87.0,Канализация детского отделения,16:50:011121:1,"Республика Татарстан, г. Казань, Вахитовский р-н, ул. Волкова, дом 18",прочего назначения,
88.0,Канализация общежития №3 (I),16:50:050146:5,"Республика Татарстан, г. Казань, Советский р-н, ул. Губкина, дом 11",инфраструктурное,год постройки: 1962
89.0,Канализация учебного здания №2 (I),16:50:010902:12,"Республика Татарстан, г. Казань, Вахитовский р-н, ул. Карла Маркса, дом 74",инфраструктурное,
90.0,Катер ''РТЛ-0306',-,"Республика Татарстан, г. Казань, Вахитовский р-н",судно,
91.0,Катер ''РТЛ-0335'',-,"Республика Татарстан, г. Казань, Вахитовский р-н",судно,
92.0,Квартира № 83,16:50:150201:1983,"Республика Татарстан, г. Казань, Советский р-н, ул. Тыныч, дом 3, кв.83",жилое,"общая площадь: 44,90 "
,,,,,"закрепленная площадь: 44,90 кв.м"
,,,,,год постройки: 2011
93.0,Квартира № 10,16:50:050117:125,"Республика Татарстан, г. Казань, Советский р-н, ул. Журналистов, дом 14",жилое,"общая площадь: 53,30 "
,,,,,"закрепленная площадь: 53,30 кв.м"
94.0,Квартира № 11,16:50:050117:125,"Республика Татарстан, г. Казань, Советский р-н, ул. Журналистов, дом 14",жилое,"общая площадь: 34,60 "
,,,,,"закрепленная площадь: 34,60 кв.м"
95.0,Квартира № 12,16:50:050117:125,"Республика Татарстан, г. Казань, Советский р-н, ул. Журналистов, дом 14",жилое,"общая площадь: 52,40 "
,,,,,"закрепленная площадь: 52,40 кв.м"
96.0,Квартира № 13,16:50:050117:125,"Республика Татарстан, г. Казань, Советский р-н, ул. Журналистов, дом 14",жилое,"общая площадь: 33,50 "
,,,,,"закрепленная площадь: 33,50 кв.м"
97.0,Квартира № 14,16:50:050117:125,"Республика Татарстан, г. Казань, Советский р-н, ул. Журналистов, дом 14",жилое,"общая площадь: 33,70 "
,,,,,"закрепленная площадь: 33,70 кв.м"
98.0,Квартира № 15,16:50:050117:125,"Республика Татарстан, г. Казань, Советский р-н, ул. Журналистов, дом 14",жилое,"общая площадь: 53,20 "
,,,,,"закрепленная площадь: 53,20 кв.м"
99.0,Квартира № 16,16:50:050117:125,"Республика Татарстан, г. Казань, Советский р-н, ул. Журналистов, дом 14",жилое,"общая площадь: 34,40 "
,,,,,"закрепленная площадь: 34,40 кв.м"
100.0,Квартира № 17,16:50:050117:125,"Республика Татарстан, г. Казань, Советский р-н, ул. Журналистов, дом 14",жилое,"общая площадь: 52,20 "
,,,,,"закрепленная площадь: 52,20 кв.м"
101.0,Квартира № 170,16:50:150201:1983,"Республика Татарстан, г. Казань, Советский р-н, ул. Тыныч, дом 3, кв.170",жилое,"общая площадь: 80,80 "
,,,,,"закрепленная площадь: 80,80 кв.м"
,,,,,год постройки: 2011
102.0,Квартира № 172,16:50:150201:1983,"Республика Татарстан, г. Казань, Советский р-н, ул. Тыныч, дом 3, кв.172",жилое,"общая площадь: 44,30 "
,,,,,"закрепленная площадь: 44,30 кв.м"
,,,,,год постройки: 2011
103.0,Квартира № 18,16:50:050117:125,"Республика Татарстан, г. Казань, Советский р-н, ул. Журналистов, дом 14",жилое,"общая площадь: 33,50 "
,,,,,"закрепленная площадь: 33,50 кв.м"
104.0,Квартира № 19,16:50:050117:125,"Республика Татарстан, г. Казань, Советский р-н, ул. Журналистов, дом 14",жилое,"общая площадь: 33,50 "
,,,,,"закрепленная площадь: 33,50 кв.м"
105.0,Квартира № 20,16:50:050117:125,"Республика Татарстан, г. Казань, Советский р-н, ул. Журналистов, дом 14",жилое,"общая площадь: 53,30 "
,,,,,"закрепленная площадь: 53,30 кв.м"
106.0,Квартира № 21,16:50:050117:125,"Республика Татарстан, г. Казань, Советский р-н, ул. Журналистов, дом 14",жилое,"общая площадь: 34,50 "
,,,,,"закрепленная площадь: 34,50 кв.м"
107.0,Квартира № 22,16:50:050117:125,"Республика Татарстан, г. Казань, Советский р-н, ул. Журналистов, дом 14",жилое,"общая площадь: 52,50 "
,,,,,"закрепленная площадь: 52,50 кв.м"
108.0,Квартира № 23,16:50:050117:125,"Республика Татарстан, г. Казань, Советский р-н, ул. Журналистов, дом 14",жилое,"общая площадь: 33,70 "
,,,,,"закрепленная площадь: 33,70 кв.м"
109.0,Квартира № 24,16:50:050117:125,"Республика Татарстан, г. Казань, Советский р-н, ул. Журналистов, дом 14",жилое,"общая площадь: 33,80 "
,,,,,"закрепленная площадь: 35,50 кв.м"
110.0,Квартира № 25,16:50:050117:125,"Республика Татарстан, г. Казань, Советский р-н, ул. Журналистов, дом 14",жилое,"общая площадь: 53,30 "
,,,,,"закрепленная площадь: 53,30 кв.м"
111.0,Квартира № 26,16:50:050117:125,"Республика Татарстан, г. Казань, Советский р-н, ул. Журналистов, дом 14",жилое,"общая площадь: 34,50 "
,,,,,"закрепленная площадь: 34,50 кв.м"
112.0,Квартира № 261,16:50:150201:1983,"Республика Татарстан, г. Казань, Советский р-н, ул. Тыныч, дом 3, кв.261",жилое,"общая площадь: 44,50 "
,,,,,год постройки: 2011
113.0,Квартира № 27,16:50:050117:125,"Республика Татарстан, г. Казань, Советский р-н, ул. Журналистов, дом 14",жилое,"общая площадь: 52,60 "
,,,,,"закрепленная площадь: 52,60 кв.м"
114.0,Квартира № 28,16:50:050117:125,"Республика Татарстан, г. Казань, Советский р-н, ул. Журналистов, дом 14",жилое,"общая площадь: 33,80 "
,,,,,"закрепленная площадь: 33,80 кв.м"
115.0,Квартира № 29,16:50:050117:125,"Республика Татарстан, г. Казань, Советский р-н, ул. Журналистов, дом 14",жилое,"общая площадь: 33,70 "
,,,,,"закрепленная площадь: 33,70 кв.м"
116.0,Квартира № 30,16:50:050117:125,"Республика Татарстан, г. Казань, Советский р-н, ул. Журналистов, дом 14",жилое,"общая площадь: 53,30 "
,,,,,"закрепленная площадь: 53,30 кв.м"
117.0,Квартира № 32,16:50:050117:125,"Республика Татарстан, г. Казань, Советский р-н, ул. Журналистов, дом 14",жилое,"общая площадь: 52,50 "
,,,,,"закрепленная площадь: 52,50 кв.м"
118.0,Квартира № 85,16:50:150201:1983,"Республика Татарстан, г. Казань, Советский р-н, ул. Тыныч, дом 3, кв.85",жилое,"общая площадь: 80,00 "
,,,,,год постройки: 2011
119.0,Квартира № 90,16:50:150201:1983,"Республика Татарстан, г. Казань, Советский р-н, ул. Тыныч, дом 3, кв.90",жилое,"общая площадь: 80,80 "
,,,,,год постройки: 2011
120.0,Квартира №115 (А),16:50:110108:178,"Республика Татарстан, г. Казань, Московский р-н, пр-кт Ибрагимова, дом 59, кв. 115",жилое,"общая площадь: 44,50 "
,,,,,"закрепленная площадь: 44,50 кв.м"
,,,,,год постройки: 1973
121.0,Клион,-,"Республика Татарстан, г. Казань, Вахитовский р-н, ул. Кремлевская, дом 18",судно,"общая площадь: 0,00 "
,,,,,год постройки: 1982
122.0,Корпус Химического института КФУ (А1) (Корпус химического института КФУ),16:50:010402:6,"Республика Татарстан, г. Казань, Вахитовский р-н, ул. Кремлевская, дом 27",учебно-лабораторное,"общая площадь: 6861,90 "
,,,,,"закрепленная площадь: 7548,30 кв.м"
,,,,,год постройки: 2015
,,,,,количество этажей: 8
123.0,Крольчатник (О),16:50:170117:1,"Республика Татарстан, г. Казань, Приволжский р-н, п. Старое Победилово, Агробиостанция",прочего назначения,"общая площадь: 125,50 "
,,,,,"закрепленная площадь: 125,50 кв.м"
,,,,,год постройки: 1983
,,,,,количество этажей: 1
124.0,Лечебный корпус пом.№1121 (А1),-,"Республика Татарстан, г. Казань, Приволжский р-н, ул. Оренбургский тракт, дом 138, лит. А1",нежилое,"общая площадь: 53,20 "
,,,,,"закрепленная площадь: 53,20 кв.м"
125.0,Ливневая канализация общежития №1 (I),16:50:010616:30,"Республика Татарстан, г. Казань, Вахитовский р-н, ул. Пушкина, дом 32а",инфраструктурное,
126.0,Ливневая канализация учебного здания №2 (V),16:50:010902:12,"Республика Татарстан, г. Казань, Вахитовский р-н, ул. Карла Маркса, дом 74",инфраструктурное,год постройки: 1969
127.0,Металлическая будка,16:50:011121:1,"Республика Татарстан, г. Казань, Вахитовский р-н, ул. Волкова, дом 18",прочего назначения,"общая площадь: 0,00 "
128.0,Металлические ворота ( 1),16:50:170117:1,"Республика Татарстан, г. Казань, Приволжский р-н, п. Старое Победилово, Агробиостанция",защитное,год постройки: 1992
129.0,Металлическое ограждение (2),16:50:170117:1,"Республика Татарстан, г. Казань, Приволжский р-н, п. Старое Победилово, Агробиостанция",ограждение,год постройки: 1992
130.0,Наружное ограждение (3),16:50:010902:12,"Республика Татарстан, г. Казань, Вахитовский р-н, ул. Карла Маркса, дом 74",ограждение,"общая площадь: 35,90 "
,,,,,"закрепленная площадь: 35,90 кв.м"
,,,,,год постройки: 1969
131.0,Наружное освещение (IV),16:50:010616:30,"Республика Татарстан, г. Казань, Вахитовский р-н, ул. Пушкина, дом 32а",инфраструктурное,год постройки: 1983
132.0,"Наружное освещение, назначение: нежилое, инв.№ 250/9-5, лит. V-250/9 (V-250/9)",16:50:011809:9,"Республика Татарстан, г. Казань, Вахитовский р-н, ул. Московская, (Спортивный комплекс)",прочего назначения,
133.0,Наружные водопроводные сети,16:50:010904:9,"Республика Татарстан, г. Казань, Вахитовский р-н, ул. Чехова, дом 1а",прочего назначения,
134.0,Н/в сети наружного освещения марки АПР,16:50:010904:9,"Республика Татарстан, г. Казань, Вахитовский р-н, ул. Чехова, дом 1а",прочего назначения,
135.0,"Нежилое помещение (Б1, Б2)",-,"Республика Татарстан, г. Казань, Вахитовский р-н, ул. Бутлерова, дом 41",медицинское,"общая площадь: 121,90 "
,,,,,"закрепленная площадь: 121,90 кв.м"
,,,,,год постройки: 1987
136.0,Нежилое помещение,16:50:050104:1,"Республика Татарстан, г. Казань, Советский р-н, ул. Академика Арбузова, дом 8",учебно-лабораторное,"общая площадь: 41,60 "
,,,,,"закрепленная площадь: 41,60 кв.м"
137.0,Нежилое помещение,16:50:050104:1,"Республика Татарстан, г. Казань, Советский р-н, ул. Академика Арбузова, дом 8",учебно-лабораторное,"общая площадь: 41,60 "
,,,,,"закрепленная площадь: 41,60 кв.м"
138.0,Нежилое помещение,16:50:011119:2,"Республика Татарстан, г. Казань, Вахитовский р-н, ул. Достоевского, дом 44/6, пом 1-9, 96, 10-24, 24а, 25-56, 9а",медицинское,"общая площадь: 940,00 "
,,,,,"закрепленная площадь: 937,00 кв.м"
,,,,,год постройки: 1987
139.0,Нежилое помещение,16:50:010402:5,"Республика Татарстан, г. Казань, Вахитовский р-н, ул. Кремлевская, дом 27, кв 1000",нежилое,"общая площадь: 894,00 "
,,,,,"закрепленная площадь: 894,00 кв.м"
,,,,,год постройки: 1991
,,,,,количество этажей: 3
140.0,Нежилое помещение (Учебное здание №18А),16:50:010302:7,"Республика Татарстан, г. Казань, Вахитовский р-н, ул. Кремлевская/М.Джалиля,Рахматуллина, дом 6/20/1, пом 1000",учебно-лабораторное,"общая площадь: 4088,00 "
,,,,,"закрепленная площадь: 8350,00 кв.м"
,,,,,год постройки: до1917
,,,,,количество этажей: 5
,,,,,памятник истории и культуры
141.0,"Нежилое помещение № 1Н (1,2,3,4,5,6) (ул. Кремлевская, дом 25/22)",Неразграниченная территория,"Республика Татарстан, г. Казань, Вахитовский р-н, ул. Кремлевская, дом 25/22, пом 1Н",учебное,"общая площадь: 1412,00 "
,,,,,"закрепленная площадь: 1628,00 кв.м"
,,,,,год постройки: 1917
,,,,,памятник истории и культуры
142.0,Нежилое помещение № 18,16:50:010901:22,"Республика Татарстан, г. Казань, Вахитовский р-н, ул. Бутлерова, дом 47/2-4",учебное,"общая площадь: 16,20 "
,,,,,"закрепленная площадь: 16,20 кв.м"
143.0,"Нежилое помещение 1Н (К, К1, К2, К3)",16:50:010904:115,"Республика Татарстан, г. Казань, Вахитовский р-н, ул. Чехова, дом 1а",инфраструктурное,"общая площадь: 116,10 "
,,,,,"закрепленная площадь: 116,10 кв.м"
,,,,,год постройки: 1974
,,,,,количество этажей: 2
144.0,Нежилое помещение №1Н (Б),16:50:070403:72,"Республика Татарстан, г. Казань, Приволжский р-н, ул. Оренбургский тракт, дом 4а",складское,"общая площадь: 84,50 "
,,,,,"закрепленная площадь: 84,50 кв.м"
,,,,,год постройки: 1963
,,,,,количество этажей: 1
145.0,Нежилое помещение №1000 (Б),16:50:010406:6,"Республика Татарстан, г. Казань, Вахитовский р-н, ул. Профессора Нужина, дом 2, кв 1000",прочего назначения,"общая площадь: 36,90 кв.м"
,,,,,"закрепленная площадь: 35,60 кв.м"
,,,,,год постройки: 1989
,,,,,количество этажей: 1
146.0,"Нежилое помещение №1001 (Нежилое помещение №1001, ул. Карима Тинчурина, дом 31)",16:50:080604:171,"Республика Татарстан, г. Казань, Приволжский р-н, ул. Карима Тинчурина, дом 31, пом 1001",инфраструктурное,"общая площадь: 33,90 "
,,,,,"закрепленная площадь: 66,40 кв.м"
,,,,,год постройки: 1979
147.0,"Нежилое помещение №1002 (Нежилое помещение №1002, ул. Карима Тинчурина, дом 31)",16:50:080604:171,"Республика Татарстан, г. Казань, Приволжский р-н, ул. Карима Тинчурина, дом 31, пом 1002",учебно-лабораторное,"общая площадь: 1577,30 "
,,,,,"закрепленная площадь: 1668,10 кв.м"
,,,,,год постройки: 1979
148.0,Нежилое помещение №1003 ( ) (Учебное здание №35),16:50:010321:366,"Республика Татарстан, г. Казань, Вахитовский р-н, ул. Большая Красная, дом 4",учебно-лабораторное,"общая площадь: 864,70 кв.м"
,,,,,"закрепленная площадь: 940,10 кв.м"
,,,,,год постройки: 1982
,,,,,количество этажей: 2
149.0,Нежилое помещение №1004,16:50:010321:366,"Республика Татарстан, г. Казань, Вахитовский р-н, ул. Большая Красная, дом 4",вспомогательное,"общая площадь: 93,50 "
,,,,,"закрепленная площадь: 93,50 кв.м"
150.0,"Нежилое помещение №1005 (Нежилое помещение №1005, ул. Карима Тинчурина, дом 31)",16:50:080604:171,"Республика Татарстан, г. Казань, Приволжский р-н, ул. Карима Тинчурина, дом 31, пом 1005",учебно-лабораторное,"общая площадь: 544,20 "
,,,,,"закрепленная площадь: 535,90 кв.м"
,,,,,год постройки: 1979
151.0,"Нежилое помещение №1006 (Нежилое помещение №1006, ул. Карима Тинчурина, дом 31)",16:50:080604:171,"Республика Татарстан, г. Казань, Приволжский р-н, ул. Карима Тинчурина, дом 31, пом 1006",учебно-лабораторное,"общая площадь: 72,60 "
,,,,,"закрепленная площадь: 145,00 кв.м"
,,,,,год постройки: 1979
152.0,Нежилое помещение №1011,16:50:100306:764,"Республика Татарстан, г. Казань, Московский р-н, ул. Исаева, дом 12, помещение №1011",учебно-лабораторное,"общая площадь: 3126,20 "
,,,,,"закрепленная площадь: 3126,20 кв.м"
,,,,,год постройки: 1939
153.0,"Нежилое помещение 2Н (К, К1, К2, К3)",16:50:010904:115,"Республика Татарстан, г. Казань, Вахитовский р-н, ул. Чехова, дом 1а",складское,"общая площадь: 29,60 "
,,,,,"закрепленная площадь: 29,60 кв.м"
,,,,,год постройки: 1974
,,,,,количество этажей: 1
154.0,Нежилое помещение №2Н (Б),16:50:070403:72,"Республика Татарстан, г. Казань, Приволжский р-н, ул. Оренбургский тракт, дом 4а",гаражи,"общая площадь: 53,00 "
,,,,,"закрепленная площадь: 53,00 кв.м"
,,,,,год постройки: 1963
,,,,,количество этажей: 1
155.0,"Нежилое помещение №24в, №27а",-,"Республика Татарстан, г. Казань, Вахитовский р-н, ул. Островского, дом 67",учебное,"общая площадь: 36,20 "
,,,,,"закрепленная площадь: 20,30 кв.м"
156.0,Нежилые помещения (Учебное здание №33),16:50:011709:266,"Республика Татарстан, г. Казань, Вахитовский р-н, ул. Татарстан, дом 2",учебно-лабораторное,"общая площадь: 17277,30 "
,,,,,"закрепленная площадь: 27783,80 кв.м"
,,,,,год постройки: 2005
,,,,,количество этажей: 5
157.0,"Нежилые помещения - 1-й этаж (1-7, 14-20, 27), 2-й этаж (1-28), 3-й этаж (1-28), подвал (1, 3) в жилом доме (А7)",-,"Республика Татарстан, г. Казань, Вахитовский р-н, ул. Кремлевская, дом 27",реконструкция,"общая площадь: 847,80 кв.м"
,,,,,год постройки: до 1917
,,,,,количество этажей: 3
158.0,"Нежилые помещения № 1003 (1, 2)",Неразграниченная территория,"Республика Татарстан, г. Казань, Вахитовский р-н, ул. Кремлевская, дом 25/22, лит. 1,2",не используется (аварийное состояние),"общая площадь: 36,00 "
,,,,,"закрепленная площадь: 72,00 кв.м"
,,,,,памятник истории и культуры
159.0,"Нежилые помещения №1004 (1, 2)",Неразграниченная территория,"Республика Татарстан, г. Казань, Вахитовский р-н, Кремлевская, дом 25/22, лит. 1, 2",не используется (аварийное состояние),"общая площадь: 168,40 "
,,,,,"закрепленная площадь: 168,40 кв.м"
,,,,,год постройки: 1917
,,,,,памятник истории и культуры
160.0,"Нежилые помещения №1005 (1, 2)",Неразграниченная территория,"Республика Татарстан, г. Казань, Вахитовский р-н, Кремлевская, дом 25/22, лит. 1, 2",не используется (аварийное состояние),"общая площадь: 46,90 "
,,,,,"закрепленная площадь: 46,90 кв.м"
,,,,,год постройки: 1917
,,,,,памятник истории и культуры
161.0,Объекты благоустройства (III-271/33),16:50:171128:152,"Республика Татарстан, г. Казань, Приволжский р-н, ул. Проспект Победы",прочего назначения,"общая площадь: 62308,50 "
,,,,,"закрепленная площадь: 62308,50 кв.м"
162.0,Овощехранилище (Ж),16:50:170117:1,"Республика Татарстан, г. Казань, Приволжский р-н, п. Старое Победилово, Агробиостанция",прочего назначения,"общая площадь: 29,10 "
,,,,,"закрепленная площадь: 29,10 кв.м"
,,,,,год постройки: 1978
,,,,,количество этажей: 1
163.0,Овощехранилище (Ф),16:50:170117:1,"Республика Татарстан, г. Казань, Приволжский р-н, п. Старое Победилово, Агробиостанция",прочего назначения,"общая площадь: 12,80 "
,,,,,"закрепленная площадь: 12,80 кв.м"
,,,,,год постройки: 1978
,,,,,количество этажей: 1
164.0,Ограждение ( 1),16:50:010616:30,"Республика Татарстан, г. Казань, Вахитовский р-н, ул. Пушкина, дом 32а",ограждение,год постройки: 1983
165.0,Ограждение (I-271/32),16:50:000000:17226,"Республика Татарстан, г. Казань, Приволжский р-н, ул. Проспект Победы",прочего назначения,
166.0,Ограждение,16:50:010216:3,"Республика Татарстан, г. Казань, Вахитовский р-н, Пушкина, дом 1/55",прочего назначения,
167.0,Ограждение,16:50:010904:9,"Республика Татарстан, г. Казань, Вахитовский р-н, ул. Чехова, дом 1а",прочего назначения,
168.0,Ограждение Ботанического сада (1/2),16:16:120601:481,"Республика Татарстан, г. Казань, Советский р-н, территория в 500 м северо-западнее с.Константиновка, территория в 500 м северо-западнее с.Константиновка",ограждение,год постройки: 2002
169.0,Ограждение Ботанического сада (1/3),16:16:120601:255,"Республика Татарстан, г. Казань, Советский р-н, территория в 500 м северо-западнее с.Константиновка",вспомогательное,
170.0,Ограждение Ботанического сада (1/4),16:16:120601:255,"Республика Татарстан, г. Казань, Советский р-н, территория в 500 м северо-западнее с.Константиновка",вспомогательное,
171.0,Ограждение Ботанического сада (1/5),16:16:120601:255,"Республика Татарстан, г. Казань, Советский р-н, территория в 500 м северо-западнее с.Константиновка",вспомогательное,
172.0,Ограждение Ботанического сада (1/6),16:16:120601:255,"Республика Татарстан, г. Казань, Советский р-н, территория в 500 м северо-западнее с.Константиновка, территория в 500 м северо-западнее с.Константиновка",ограждение,год постройки: 2002
173.0,Ограждение Ботанического сада,16:16:120601:255,"Республика Татарстан, г. Казань, Советский р-н, территория в 500 м северо-западнее с.Константиновка",вспомогательное,
174.0,Ограждение Ботанического сада (1/1),16:16:120601:481,"Республика Татарстан, г. Казань, Советский р-н, территория в 500 м северо-западнее с.Константиновка, территория в 500 м северо-западнее с.Константиновка",ограждение,год постройки: 2002
175.0,Ограждение учебного здания №2 (1),16:50:010902:12,"Республика Татарстан, г. Казань, Вахитовский р-н, ул. Карла Маркса, дом 74",ограждение,год постройки: 1912
176.0,Ограждение учебного здания №8 (1),16:50:011006:4,"Республика Татарстан, г. Казань, Вахитовский р-н, ул. Товарищеская, дом 5",ограждение,год постройки: 1949
177.0,Павильон ''Уралочка'' (списан) (Б),16:50:060601:6,"Республика Татарстан, г. Казань, Советский р-н, ул. Красная Позиция, дом 2",складское,год постройки: 1987
,,,,,количество этажей: 1
178.0,Пандус (III-271/34),-,"Республика Татарстан, г. Казань, Приволжский р-н, ул. Проспект Победы",инфраструктурное,"общая площадь: 175,00 "
,,,,,"закрепленная площадь: 175,00 кв.м"
179.0,Парник (З),16:50:170117:1,"Республика Татарстан, г. Казань, Приволжский р-н, п. Старое Победилово, Агробиостанция",ботаническое,"общая площадь: 132,00 "
,,,,,"закрепленная площадь: 132,00 кв.м"
,,,,,год постройки: 1983
180.0,Поликлиника № 2,16:50:010904:24,"Республика Татарстан, г. Казань, Вахитовский р-н, ул. Вишневского, дом 2а",медицинское,"общая площадь: 6035,90 "
,,,,,"закрепленная площадь: 6064,10 кв.м"
,,,,,год постройки: 1960
,,,,,количество этажей: 5
181.0,"Помещение (Помещение №1011, ул. Карима Тинчурина, дом 31)",16:50:080604:174,"Республика Татарстан, г. Казань, Приволжский р-н, ул. Карима Тинчурина, дом 31, пом 1011",учебно-лабораторное,"общая площадь: 769,20 "
,,,,,"закрепленная площадь: 597,80 кв.м"
,,,,,год постройки: 1979
182.0,Помещение,16:50:010402:5,"Республика Татарстан, г. Казань, Вахитовский р-н, ул. Кремлевская, дом 27, кв 79",нежилое,"общая площадь: 97,80 "
183.0,Помещение № 6-10,16:50:171126:45,"Республика Татарстан, г. Казань, Приволжский р-н, ул. Рауиса Гареева, дом 102, корп. 1, пом. 1002",учебное,"общая площадь: 17,90 "
,,,,,"закрепленная площадь: 17,90 кв.м"
184.0,Помещение 1000,-,"Республика Татарстан, г. Казань, Вахитовский р-н, ул. Вишневского, дом 2а",лечебно-санитарное,"общая площадь: 67,90 "
185.0,Помещение №1000,16:50:010404:4,"Республика Татарстан, г. Казань, Вахитовский р-н, ул. Кремлевская, дом 35, кв 1000",прочего назначения,"общая площадь: 11,40 кв.м"
,,,,,"закрепленная площадь: 11,40 кв.м"
,,,,,год постройки: 1978
,,,,,количество этажей: 1
186.0,Помещение 15-17,16:50:010401:95,"Республика Татарстан, г. Казань, Вахитовский р-н, ул. Кремлевская, дом 16Б",лечебно-санитарное,"общая площадь: 29,60 "
,,,,,"закрепленная площадь: 29,60 кв.м"
187.0,"Помещение№1, №2 в здании стационарного контрольно-пропускного пункта КП 3П-А",16:50:171128:152,"Республика Татарстан, г. Казань, Приволжский р-н, ул. Деревня Универсиады",прочего назначения,"общая площадь: 34,20 "
,,,,,"закрепленная площадь: 34,20 кв.м"
188.0,"Помещение№1, №2, №3 в здании стационарного контрольно-пропускного пункта КП 1А",-,"Республика Татарстан, г. Казань, Приволжский р-н, Деревня Универсиады",прочего назначения,"общая площадь: 19,20 "
,,,,,"закрепленная площадь: 19,20 кв.м"
189.0,"Помещение№1, №2, №3 в здании стационарного контрольно-пропускного пункта КП 1Б",16:50:171128:152,"Республика Татарстан, г. Казань, Приволжский р-н, ул. Проспект Победы",прочего назначения,"общая площадь: 19,40 "
,,,,,"закрепленная площадь: 19,40 кв.м"
190.0,"Помещение№1, №3 в здании стационарного контрольно-пропускного пункта КП 3П-Б",16:50:171128:152,"Республика Татарстан, г. Казань, Приволжский р-н, ул. Проспект Победы",прочего назначения,"общая площадь: 34,10 "
,,,,,"закрепленная площадь: 34,10 кв.м"
191.0,Помещения,16:50:150101:23,"Республика Татарстан, г. Казань, Советский р-н, ул. Ломжинская, дом 13",учебное,"общая площадь: 1244,90 "
,,,,,"закрепленная площадь: 1151,80 кв.м"
192.0,Помещения №1001,16:50:010402:5,"Республика Татарстан, г. Казань, Вахитовский р-н, ул. Кремлевская, дом 27, кв 1001",нежилое,"общая площадь: 40,70 "
,,,,,"закрепленная площадь: 40,70 кв.м"
,,,,,год постройки: 1991
193.0,Пристрой - столовая к общежитию № 3 (А1),16:50:060620:12,"Республика Татарстан, г. Казань, Советский р-н, ул. Аделя Кутуя, дом 2 Б",пункт общественного питания,"общая площадь: 1216,30 кв.м"
,,,,,"закрепленная площадь: 547,80 кв.м"
,,,,,год постройки: 1979
,,,,,количество этажей: 2
194.0,Проходная (Д),16:50:070403:82,"Республика Татарстан, г. Казань, Приволжский р-н, ул. Оренбургский Тракт, дом 10",прочего назначения,"общая площадь: 15,10 "
,,,,,"закрепленная площадь: 30,20 кв.м"
195.0,"Реконструкция и техническое перевооружение федерального государственного автономного образовательного учреждения высшего профессионального образования ''Казанский (Приволжский) федеральный университет. Опытное производство по ул. Беломорская, д.260'' (А43)",16:50:310404:2218,"Республика Татарстан, г. Казань, Московский р-н, Северо-западный промышленный район, (ул. Беломорская, д. 260)",учебно-научное,"общая площадь: 3820,90 "
,,,,,год постройки: 1966
,,,,,количество этажей: 5
196.0,Сарай (С),16:50:170117:1,"Республика Татарстан, г. Казань, Приволжский р-н, п. Старое Победилово, Агробиостанция",складское,"общая площадь: 99,20 "
,,,,,"закрепленная площадь: 99,20 кв.м"
,,,,,год постройки: 1978
,,,,,количество этажей: 1
197.0,Сарай хозяйственный (Т),16:50:170117:1,"Республика Татарстан, г. Казань, Приволжский р-н, п. Старое Победилово, Агробиостанция",складское,"общая площадь: 18,10 "
,,,,,"закрепленная площадь: 18,10 кв.м"
,,,,,год постройки: 1991
,,,,,количество этажей: 1
198.0,Секционная,16:50:130101:113,"Республика Татарстан, г. Казань, Советский р-н, ул. Сибирский тракт, дом 31А",учебное,"общая площадь: 20,20 "
,,,,,"закрепленная площадь: 20,20 кв.м"
199.0,"Сети бытовой канализации (2, 4)",16:50:010403:2,"Республика Татарстан, г. Казань, Вахитовский р-н, ул. Кремлевская, дом 18",производственное,год постройки: 2004
200.0,"Сети водопровода (1, 5)",16:50:010403:2,"Республика Татарстан, г. Казань, Вахитовский р-н, ул. Кремлевская, дом 18",производственное,год постройки: 2004
201.0,"Сети наружного освещения, назначение: нежилое",16:50:080215:94,"Республика Татарстан, г. Казань, Приволжский р-н, ул. Актайская, (Спортивный центр с плавательным бассейном)",прочего назначения,
202.0,"Сети наружного освещения, назначение: нежилое, инв.№ 250/8-III, лит. III-250/8",16:50:080215:95,"Республика Татарстан, г. Казань, Приволжский р-н, ул. Владимира Кулагина, (Спортивный комплекс)",прочего назначения,
203.0,Скважина на воду № 1 (III),16:50:170117:1,"Республика Татарстан, г. Казань, Приволжский р-н, п. Старое Победилово, Агробиостанция",инфраструктурное,"общая площадь: 5,40 "
,,,,,"закрепленная площадь: 5,40 кв.м"
,,,,,год постройки: 1991
,,,,,количество этажей: 1
204.0,Склад (Б),16:50:100501:143,"Республика Татарстан, г. Казань, Московский р-н, пр-кт Ибрагимова, дом 85а",складское,"общая площадь: 43,10 "
,,,,,"закрепленная площадь: 43,10 кв.м"
,,,,,год постройки: 1980
205.0,Склад (Б),16:50:080406:1,"Республика Татарстан, г. Казань, Приволжский р-н, ул. Модельная, дом 7",хозяйственное,"общая площадь: 273,70 кв.м"
,,,,,"закрепленная площадь: 273,70 кв.м"
,,,,,год постройки: 1972
,,,,,количество этажей: 1
206.0,Склад (Г5),16:50:010402:6,"Республика Татарстан, г. Казань, Вахитовский р-н, ул. Лобачевского, дом 1/29",не используется (процедура ликвидации),"общая площадь: 93,70 кв.м"
,,,,,год постройки: 1917
,,,,,количество этажей: 1
207.0,Склад (Д),16:50:011809:3,"Республика Татарстан, г. Казань, Вахитовский р-н, ул. Лево-Булачная/М.Межлаука, дом 44/1",складское,"общая площадь: 180,40 "
,,,,,"закрепленная площадь: 180,40 кв.м"
,,,,,год постройки: 1886
,,,,,количество этажей: 1
208.0,Склад (Ж),16:50:011809:3,"Республика Татарстан, г. Казань, Вахитовский р-н, ул. Лево-Булачная/М.Межлаука, дом 44/1",складское,"общая площадь: 136,20 "
,,,,,"закрепленная площадь: 136,20 кв.м"
,,,,,год постройки: 1985
,,,,,количество этажей: 1
209.0,Склад (З),16:50:011809:3,"Республика Татарстан, г. Казань, Вахитовский р-н, ул. Лево-Булачная/М.Межлаука, дом 44/1",складское,"общая площадь: 8,50 "
,,,,,"закрепленная площадь: 8,50 кв.м"
,,,,,год постройки: 2004
,,,,,количество этажей: 1
210.0,Склад (Н),16:50:170117:1,"Республика Татарстан, г. Казань, Приволжский р-н, п. Старое Победилово, Агробиостанция",складское,"общая площадь: 141,10 "
,,,,,"закрепленная площадь: 141,10 кв.м"
,,,,,год постройки: 1978
,,,,,количество этажей: 1
211.0,Склад (П),16:50:170117:1,"Республика Татарстан, г. Казань, Приволжский р-н, п. Старое Победилово, Агробиостанция",складское,"общая площадь: 17,80 "
,,,,,"закрепленная площадь: 17,80 кв.м"
,,,,,год постройки: 1978
,,,,,количество этажей: 1
212.0,Склад (на списание) (В),16:50:080406:1,"Республика Татарстан, г. Казань, Приволжский р-н, ул. Модельная, дом 7",не используется (ликвидация),"общая площадь: 26,90 кв.м"
,,,,,"закрепленная площадь: 26,90 кв.м"
,,,,,год постройки: 1972
,,,,,количество этажей: 1
213.0,Склад (на списание) (Г),16:50:080406:1,"Республика Татарстан, г. Казань, Приволжский р-н, ул. Модельная, дом 7",не используется (ликвидация),"общая площадь: 117,50 кв.м"
,,,,,"закрепленная площадь: 117,50 кв.м"
,,,,,год постройки: 1973
,,,,,количество этажей: 1
214.0,Склад (на списание) (Д),16:50:080406:1,"Республика Татарстан, г. Казань, Приволжский р-н, ул. Модельная, дом 7",не используется (ликвидация),"общая площадь: 649,40 кв.м"
,,,,,"закрепленная площадь: 649,40 кв.м"
,,,,,год постройки: 1973
,,,,,количество этажей: 1
215.0,Склад (на списание) (Е),16:50:080406:1,"Республика Татарстан, г. Казань, Приволжский р-н, ул. Модельная, дом 7",не используется (ликвидация),"общая площадь: 128,80 кв.м"
,,,,,"закрепленная площадь: 128,80 кв.м"
,,,,,год постройки: 1972
,,,,,количество этажей: 1
216.0,Склад (на списание) (Ж),16:50:080406:1,"Республика Татарстан, г. Казань, Приволжский р-н, ул. Модельная, дом 7",не используется (ликвидация),"общая площадь: 412,00 кв.м"
,,,,,"закрепленная площадь: 412,00 кв.м"
,,,,,год постройки: 1972
,,,,,количество этажей: 1
217.0,Спортивный комплекс ''Бустан'' (А) (Спортивный комплекс Бустан),16:50:080215:95,"Республика Татарстан, г. Казань, Приволжский р-н, ул. Проезд Профессора Нужина, дом 1",спортивно-оздоровительное,"общая площадь: 6106,10 "
,,,,,"закрепленная площадь: 6109,30 кв.м"
,,,,,год постройки: 2011
,,,,,количество этажей: 3
218.0,"Спортивный комплекс ''Москва'' (А, а, а1, а2, а3, а4, а5) (Спортивный комплекс Москва)",16:50:011809:9,"Республика Татарстан, г. Казань, Вахитовский р-н, ул. Московская, дом 49",спортивно-оздоровительное,"общая площадь: 5123,20 "
,,,,,"закрепленная площадь: 5765,80 кв.м"
,,,,,год постройки: 2010
,,,,,количество этажей: 4
219.0,Спортивный центр с плавательным бассейном (А),16:50:080215:94,"Республика Татарстан, г. Казань, Приволжский р-н, ул. Проезд Профессора Нужина, дом 3",спортивно-оздоровительное,"общая площадь: 3239,10 "
,,,,,"закрепленная площадь: 3253,70 кв.м"
,,,,,год постройки: 2010
,,,,,количество этажей: 3
220.0,Теплица (Ч),16:50:170117:1,"Республика Татарстан, г. Казань, Приволжский р-н, п. Старое Победилово, Агробиостанция",ботаническое,"общая площадь: 92,20 "
,,,,,"закрепленная площадь: 92,20 кв.м"
,,,,,год постройки: 1991
,,,,,количество этажей: 1
221.0,Теплотрасса от ТК-2 до ТК-8 (I),16:50:011006:22,"Республика Татарстан, г. Казань, Вахитовский р-н, ул. Товарищеская, дом 5",прочего назначения,год постройки: 1962
222.0,Теплотрасса общежития №1 (V),16:50:010616:30,"Республика Татарстан, г. Казань, Вахитовский р-н, ул. Пушкина, дом 32а",прочего назначения,год постройки: 1983
223.0,Теплотрасса общежития №3 ( III),16:50:050146:5,"Республика Татарстан, г. Казань, Советский р-н, ул. Губкина, дом 11",инфраструктурное,год постройки: 1962
224.0,Теплотрасса от ТК-8 до здания ( I),16:50:011006:4,"Республика Татарстан, г. Казань, Вахитовский р-н, ул. Товарищеская, дом 5",прочего назначения,год постройки: 1962
225.0,Теплотрасса учебного здания №2 (IX),16:50:010902:12,"Республика Татарстан, г. Казань, Вахитовский р-н, ул. Карла Маркса, дом 74",прочего назначения,год постройки: 1969
226.0,Теплотрасса учебного здания №2 (VI),16:50:010902:12,"Республика Татарстан, г. Казань, Вахитовский р-н, ул. Карла Маркса, дом 74",инфраструктурное,год постройки: 1969
227.0,Теплотрасса учебного здания №2 (X),16:50:010902:12,"Республика Татарстан, г. Казань, Вахитовский р-н, ул. Карла Маркса, дом 74",прочего назначения,год постройки: 1969
228.0,Теплотрасса учебного здания №5 (V),16:50:011807:6,"Республика Татарстан, г. Казань, Вахитовский р-н, ул. Лево-Булачная, дом 34",инфраструктурное,год постройки: 1968
229.0,Туалет (Х),16:50:170117:1,"Республика Татарстан, г. Казань, Приволжский р-н, п. Старое Победилово, Агробиостанция",бытового обслуживания,"общая площадь: 1,80 "
,,,,,"закрепленная площадь: 1,80 кв.м"
,,,,,год постройки: 1978
,,,,,количество этажей: 1
230.0,"Учебно-административное здание (В) (Учебно-административное здание, 2-этажный (В))",16:50:070403:82,"Республика Татарстан, г. Казань, Приволжский р-н, ул. Оренбургский Тракт, дом 10",учебное,"общая площадь: 2231,00 "
,,,,,"закрепленная площадь: 4078,80 кв.м"
,,,,,год постройки: 2000
,,,,,количество этажей: 2
231.0,Учебное здание № 6 (А) (Учебное здание №31),16:50:011809:17,"Республика Татарстан, г. Казань, Вахитовский р-н, ул. Мартына Межлаука, дом 3/45",учебно-лабораторное,"общая площадь: 4301,80 "
,,,,,"закрепленная площадь: 9158,10 кв.м"
,,,,,год постройки: 2008
,,,,,количество этажей: 4
232.0,Учебное здание № 7 (А),16:50:010325:12,"Республика Татарстан, г. Казань, Вахитовский р-н, ул. Большая Красная, дом 5",не используется (передача имущества),"общая площадь: 2775,70 "
,,,,,памятник истории и культуры
233.0,Учебное здание (библиотечное) (И) (Учебное здание (библиотечное)),16:50:011809:3,"Республика Татарстан, г. Казань, Вахитовский р-н, ул. Лево-Булачная/М.Межлаука, дом 44/1",учебно-лабораторное,"общая площадь: 1154,60 "
,,,,,"закрепленная площадь: 1298,20 кв.м"
,,,,,год постройки: 2007
,,,,,количество этажей: 3
234.0,Учебное здание №7 (А) (Учебное здание №36),16:50:010216:3,"Республика Татарстан, г. Казань, Вахитовский р-н, ул. Пушкина, дом 1/55",учебно-лабораторное,"общая площадь: 3959,70 "
,,,,,"закрепленная площадь: 9064,40 кв.м"
,,,,,год постройки: 1963
,,,,,количество этажей: 5
235.0,Учебное помещение,16:50:130101:113,"Республика Татарстан, г. Казань, Советский р-н, ул. Сибирский тракт, дом 31А",учебное,"общая площадь: 162,20 "
,,,,,"закрепленная площадь: 162,20 кв.м"
236.0,Учебный корпус № 2 (В),16:50:170117:1,"Республика Татарстан, г. Казань, Приволжский р-н, п. Старое Победилово, Агробиостанция",спортивно-оздоровительное,"общая площадь: 78,80 "
,,,,,"закрепленная площадь: 78,80 кв.м"
,,,,,год постройки: 1978
,,,,,количество этажей: 1
237.0,Учебный корпус № 3 (Д),16:50:170117:1,"Республика Татарстан, г. Казань, Приволжский р-н, п. Старое Победилово, Агробиостанция",оздоровительно-спортивное,"общая площадь: 23,20 "
,,,,,"закрепленная площадь: 23,20 кв.м"
,,,,,год постройки: 1978
,,,,,количество этажей: 1
238.0,Учебный корпус № 7 (З),16:50:170117:1,"Республика Татарстан, г. Казань, Приволжский р-н, п. Старое Победилово, Агробиостанция",оздоровительно-спортивное,"общая площадь: 224,00 "
,,,,,"закрепленная площадь: 224,00 кв.м"
,,,,,год постройки: 1997
,,,,,количество этажей: 1
239.0,Учебный корпус № 8 (М),16:50:170117:1,"Республика Татарстан, г. Казань, Приволжский р-н, п. Старое Победилово, Агробиостанция",спортивно-оздоровительное,"общая площадь: 302,80 "
,,,,,"закрепленная площадь: 302,80 кв.м"
,,,,,год постройки: 1991
,,,,,количество этажей: 1
240.0,Учебный корпус с лабораторией (Р),16:50:170117:1,"Республика Татарстан, г. Казань, Приволжский р-н, п. Старое Победилово, Агробиостанция",прочего назначения,"общая площадь: 43,40 "
,,,,,"закрепленная площадь: 43,40 кв.м"
,,,,,год постройки: 1983
,,,,,количество этажей: 1
241.0,Учебный корпус ''У'',Неразграниченная территория,"Республика Татарстан, г. Казань, Вахитовский р-н, ул. Островского/Университетская, дом 39/6, помещение №1003 Учебный корпус ""У""",нежилое,"общая площадь: 2141,30 "
,,,,,год постройки: 1917
242.0,Шлагбаум электро-механический,16:50:011121:1,"Республика Татарстан, г. Казань, Вахитовский р-н, ул. Волкова, дом 18",прочего назначения,
243.0,"Экологический факультет университета (А, А1, А2) (Учебное здание №15)",16:50:010404:4,"Республика Татарстан, г. Казань, Вахитовский р-н, ул. Кремлевская, дом 35",учебно-лабораторное,"общая площадь: 188,80 кв.м"
,,,,,"закрепленная площадь: 350,60 кв.м"
,,,,,год постройки: 1821
,,,,,количество этажей: 2
244.0,2339,-,"Республика Татарстан, г. Казань, Вахитовский р-н",прочего назначения,"общая площадь: 0,00 "
